Datetime,Water Level (m)
2026-01-11 12:00:00,-0.027788727
2026-01-11 13:00:00,0.16910484
2026-01-11 14:00:00,0.22395219
2026-01-11 15:00:00,0.09139967
2026-01-11 16:00:00,-0.09113411
2026-01-11 17:00:00,-0.2745895
2026-01-11 18:00:00,-0.45467064
2026-01-11 19:00:00,-0.60971296
2026-01-11 20:00:00,-0.69946873
2026-01-11 21:00:00,-0.6023649
2026-01-11 22:00:00,-0.40252006
2026-01-11 23:00:00,-0.1927265
2026-01-12 00:00:00,-0.016095664
2026-01-12 01:00:00,0.06318297
2026-01-12 02:00:00,-0.044052605
2026-01-12 03:00:00,-0.21717723
2026-01-12 04:00:00,-0.38778198
2026-01-12 05:00:00,-0.5494681
2026-01-12 06:00:00,-0.7048012
2026-01-12 07:00:00,-0.84483105
2026-01-12 08:00:00,-0.94655854
2026-01-12 09:00:00,-0.9492454
2026-01-12 10:00:00,-0.7851418
2026-01-12 11:00:00,-0.57363707
2026-01-12 12:00:00,-0.32334712
2026-01-12 13:00:00,-0.072701335
2026-01-12 14:00:00,0.11804569
2026-01-12 15:00:00,0.17979743
2026-01-12 16:00:00,0.058988456
2026-01-12 17:00:00,-0.11487498
2026-01-12 18:00:00,-0.28460678
2026-01-12 19:00:00,-0.44406718
2026-01-12 20:00:00,-0.5772764
2026-01-12 21:00:00,-0.660715
2026-01-12 22:00:00,-0.6333823
2026-01-12 23:00:00,-0.49147186
2026-01-13 00:00:00,-0.33109155
2026-01-13 01:00:00,-0.18200001
2026-01-13 02:00:00,-0.08910419
2026-01-13 03:00:00,-0.113442734
2026-01-13 04:00:00,-0.24069971
2026-01-13 05:00:00,-0.38332233
2026-01-13 06:00:00,-0.52876675
2026-01-13 07:00:00,-0.6735622
2026-01-13 08:00:00,-0.8089352
2026-01-13 09:00:00,-0.9117591
2026-01-13 10:00:00,-0.91987115
2026-01-13 11:00:00,-0.75882465
2026-01-13 12:00:00,-0.54847515
2026-01-13 13:00:00,-0.29987696
2026-01-13 14:00:00,-0.04691863
2026-01-13 15:00:00,0.15762717
2026-01-13 16:00:00,0.24426302
2026-01-13 17:00:00,0.16077062
2026-01-13 18:00:00,-0.0020192026
2026-01-13 19:00:00,-0.17185284
2026-01-13 20:00:00,-0.33684236
2026-01-13 21:00:00,-0.48836148
2026-01-13 22:00:00,-0.6110725
2026-01-13 23:00:00,-0.67420226
2026-01-14 00:00:00,-0.59125024
2026-01-14 01:00:00,-0.42828885
2026-01-14 02:00:00,-0.2594431
2026-01-14 03:00:00,-0.119500786
2026-01-14 04:00:00,-0.06011285
2026-01-14 05:00:00,-0.13537677
2026-01-14 06:00:00,-0.27993235
2026-01-14 07:00:00,-0.4374224
2026-01-14 08:00:00,-0.5957771
2026-01-14 09:00:00,-0.7478354
2026-01-14 10:00:00,-0.8777304
2026-01-14 11:00:00,-0.92558837
2026-01-14 12:00:00,-0.77153355
2026-01-14 13:00:00,-0.55296814
2026-01-14 14:00:00,-0.2893601
2026-01-14 15:00:00,-0.016059173
2026-01-14 16:00:00,0.21875781
2026-01-14 17:00:00,0.33181024
2026-01-14 18:00:00,0.26427338
2026-01-14 19:00:00,0.08634806
2026-01-14 20:00:00,-0.10153631
2026-01-14 21:00:00,-0.29097682
2026-01-14 22:00:00,-0.47350007
2026-01-14 23:00:00,-0.6323393
2026-01-15 00:00:00,-0.74431
2026-01-15 01:00:00,-0.7229608
2026-01-15 02:00:00,-0.53983414
2026-01-15 03:00:00,-0.3370533
2026-01-15 04:00:00,-0.15039456
2026-01-15 05:00:00,-0.037936393
2026-01-15 06:00:00,-0.0748949
2026-01-15 07:00:00,-0.23332867
2026-01-15 08:00:00,-0.40862444
2026-01-15 09:00:00,-0.58708423
2026-01-15 10:00:00,-0.7610941
2026-01-15 11:00:00,-0.9107838
2026-01-15 12:00:00,-0.9858371
2026-01-15 13:00:00,-0.83818126
2026-01-15 14:00:00,-0.6014243
2026-01-15 15:00:00,-0.3066986
2026-01-15 16:00:00,0.0014513637
2026-01-15 17:00:00,0.28202933
2026-01-15 18:00:00,0.42292336
2026-01-15 19:00:00,0.33801764
2026-01-15 20:00:00,0.12261435
2026-01-15 21:00:00,-0.09229655
2026-01-15 22:00:00,-0.30888548
2026-01-15 23:00:00,-0.51649076
2026-01-16 00:00:00,-0.7027433
2026-01-16 01:00:00,-0.83996236
2026-01-16 02:00:00,-0.8174152
2026-01-16 03:00:00,-0.6023702
2026-01-16 04:00:00,-0.36126012
2026-01-16 05:00:00,-0.12793514
2026-01-16 06:00:00,0.018285697
2026-01-16 07:00:00,0.010014718
2026-01-16 08:00:00,-0.18040432
2026-01-16 09:00:00,-0.38268048
2026-01-16 10:00:00,-0.5849686
2026-01-16 11:00:00,-0.77989197
2026-01-16 12:00:00,-0.9450582
2026-01-16 13:00:00,-1.0215795
2026-01-16 14:00:00,-0.8376785
2026-01-16 15:00:00,-0.57585174
2026-01-16 16:00:00,-0.25213233
2026-01-16 17:00:00,0.07945652
2026-01-16 18:00:00,0.391102
2026-01-16 19:00:00,0.52294683
2026-01-16 20:00:00,0.38702998
2026-01-16 21:00:00,0.14353128
2026-01-16 22:00:00,-0.09732349
2026-01-16 23:00:00,-0.33507857
2026-01-17 00:00:00,-0.56233484
2026-01-17 01:00:00,-0.76690674
2026-01-17 02:00:00,-0.9062549
2026-01-17 03:00:00,-0.79836124
2026-01-17 04:00:00,-0.5450078
2026-01-17 05:00:00,-0.2643005
2026-01-17 06:00:00,-0.009529596
2026-01-17 07:00:00,0.14110243
2026-01-17 08:00:00,0.041112117
2026-01-17 09:00:00,-0.18225284
2026-01-17 10:00:00,-0.40270433
2026-01-17 11:00:00,-0.61681956
2026-01-17 12:00:00,-0.82199407
